claim_id	layer	subject_id	template_id	applicability	status	oracle	evidence_id	signature	automation_surface
arrow-spawn	UNIVERSAL	b1.7.3:entity/010	spawn-materialization	APPLICABLE	VERIFIED	OFFICIAL_SERVER	m157-bow-arrow	abf0244450acb0b727df9080a6ca53849fcd0ca4ce62de83a13b815d04c8f917	PUBLIC_TESTKIT
snowball-spawn	UNIVERSAL	b1.7.3:entity/011	spawn-materialization	APPLICABLE	VERIFIED	OFFICIAL_SERVER	m161-snowball	1865bda95354d11a5a95ac4eaaf3fb8ad521e4b6195e6c651715e6955e7a149d	PUBLIC_TESTKIT
painting-spawn	UNIVERSAL	b1.7.3:entity/009	spawn-materialization	APPLICABLE	VERIFIED	OFFICIAL_SERVER	m177-painting	05ecb02dc2be9a42ab00eeae2c8c1eaf34609b0fe89c3c60aae4774b5e0e90d4	PUBLIC_TESTKIT
painting-orientation	SINGULAR	b1.7.3:entity/009	interaction-state	APPLICABLE	VERIFIED	OFFICIAL_SERVER	m351-painting-orient-set	8f60b715dc6a3aeab49aaae89f1f147dd7822ab37806a8da79597e86acd2e9aa	PUBLIC_TESTKIT
painting-support-loss	SINGULAR	b1.7.3:entity/009	environment-response	APPLICABLE	VERIFIED	OFFICIAL_SERVER	m582-painting-support-break-set	10031f7cd4b860e20a01c8677180286b98d788c6ab5ce7d754879b484a81000d	PUBLIC_TESTKIT
tnt-spawn	UNIVERSAL	b1.7.3:entity/020	spawn-materialization	APPLICABLE	VERIFIED	OFFICIAL_SERVER	m381-tnt-prime-set	6cf1cfe074d14a3c856cf768c9a8b9cdc9cfa573b8ee2e901445db31692bfad5	PUBLIC_TESTKIT
tnt-fuse	SINGULAR	b1.7.3:entity/020	tick-lifecycle	APPLICABLE	VERIFIED	OFFICIAL_SERVER	m518-sw-tnt-fuse-lifecycle	f6a9810837ac1a3622784617b05e6c957344be3be5493d4b261e359f18076f1d	PUBLIC_TESTKIT
falling-sand-spawn	UNIVERSAL	b1.7.3:entity/021	spawn-materialization	APPLICABLE	VERIFIED	OFFICIAL_SERVER	m597-falling-sand-entity-set	cc5127dcadf21010c8d1a840f832d3e1b95b803bd2b8d74dd7a5c77984a7328b	PUBLIC_TESTKIT
falling-sand-lifecycle	SINGULAR	b1.7.3:entity/021	tick-lifecycle	APPLICABLE	VERIFIED	OFFICIAL_SERVER	m597-falling-sand-entity-set	cc5127dcadf21010c8d1a840f832d3e1b95b803bd2b8d74dd7a5c77984a7328b	PUBLIC_TESTKIT
minecart-spawn	UNIVERSAL	b1.7.3:entity/040	spawn-materialization	APPLICABLE	VERIFIED	OFFICIAL_SERVER	m155-minecart-spawn	8bbf2ce26b50b36cdb15763b126864882c8e138b89113c1fe6dcd75988703fab	PUBLIC_TESTKIT
minecart-motion	SINGULAR	b1.7.3:entity/040	movement-policy	APPLICABLE	VERIFIED	OFFICIAL_SERVER	m504-m508-sw-entity-dynamics	adf4090e04b92ccc22a6adf5a7bd8892fe6ecdd4e6b8c4ba21e2f201962f71db	PUBLIC_TESTKIT
boat-spawn	UNIVERSAL	b1.7.3:entity/041	spawn-materialization	APPLICABLE	VERIFIED	OFFICIAL_SERVER	m154-boat-spawn	5da646e53a2e386476060c80fb7c8bce2d187f93133cb6adb76ac439e48439a6	PUBLIC_TESTKIT
boat-motion	SINGULAR	b1.7.3:entity/041	movement-policy	APPLICABLE	VERIFIED	OFFICIAL_SERVER	m504-m508-sw-entity-dynamics	adf4090e04b92ccc22a6adf5a7bd8892fe6ecdd4e6b8c4ba21e2f201962f71db	PUBLIC_TESTKIT
creeper-spawn	UNIVERSAL	b1.7.3:entity/050	spawn-materialization	APPLICABLE	VERIFIED	OFFICIAL_SERVER	m421-creeper-gunpowder-set	f01c7a65ddde0ddb0cd8f27f6e1c76e896f866c0bf9cc6f8af973bd1def648dc	PUBLIC_TESTKIT
creeper-death	SINGULAR	b1.7.3:entity/050	damage-death	APPLICABLE	VERIFIED	OFFICIAL_SERVER	m421-creeper-gunpowder-set	f01c7a65ddde0ddb0cd8f27f6e1c76e896f866c0bf9cc6f8af973bd1def648dc	PUBLIC_TESTKIT
creeper-drop	SINGULAR	b1.7.3:entity/050	drop-matrix	APPLICABLE	VERIFIED	OFFICIAL_SERVER	m421-creeper-gunpowder-set	f01c7a65ddde0ddb0cd8f27f6e1c76e896f866c0bf9cc6f8af973bd1def648dc	PUBLIC_TESTKIT
creeper-fuse	SINGULAR	b1.7.3:entity/050	tick-lifecycle	APPLICABLE	VERIFIED	OFFICIAL_SERVER	m391-creeper-explode-set	389f99f5639c66342a8560c23fe7e85cbe1aafc6e71530ed05c0cc7bbdbb19c0	SMOKE_ONLY
skeleton-spawn	UNIVERSAL	b1.7.3:entity/051	spawn-materialization	APPLICABLE	VERIFIED	OFFICIAL_SERVER	m363-hostile-identity-set	e6df497cd2826b04e3930ffb08caa875bba470b29a8b5bad4ce5cc75d48db14d	PUBLIC_TESTKIT
skeleton-death	ARCHETYPE	b1.7.3:entity/051	damage-death	APPLICABLE	VERIFIED	OFFICIAL_SERVER	m422-skeleton-bone-set	131ebd45e9b81d7f65d182b85fef0d213bda1f3d8521b4e4f403d5958aa1f0c0	PUBLIC_TESTKIT
skeleton-drop	ARCHETYPE	b1.7.3:entity/051	drop-matrix	APPLICABLE	VERIFIED	OFFICIAL_SERVER	m422-skeleton-bone-set	131ebd45e9b81d7f65d182b85fef0d213bda1f3d8521b4e4f403d5958aa1f0c0	PUBLIC_TESTKIT
skeleton-ranged	ARCHETYPE	b1.7.3:entity/051	interaction-state	APPLICABLE	VERIFIED	OFFICIAL_SERVER	m445-skeleton-ranged-ai-set	c397640bf9dddee3c3b93081c4816f82f93289ba759f499d2865fad69fb5d888	SMOKE_ONLY
spider-spawn	UNIVERSAL	b1.7.3:entity/052	spawn-materialization	APPLICABLE	VERIFIED	OFFICIAL_SERVER	m409-spider-string-set	625db8d839633b99daf0e73b098ad644d6f23e3d9ed4dda4f187687c1fe26fc4	PUBLIC_TESTKIT
spider-motion	ARCHETYPE	b1.7.3:entity/052	movement-policy	APPLICABLE	VERIFIED	OFFICIAL_SERVER	m447-spider-climb-set	dd9ff5fff66e6f0e70d4f4dd873aa178184ec6e7b407e99cc861cec68916f588	SMOKE_ONLY
spider-death	ARCHETYPE	b1.7.3:entity/052	damage-death	APPLICABLE	VERIFIED	OFFICIAL_SERVER	m409-spider-string-set	625db8d839633b99daf0e73b098ad644d6f23e3d9ed4dda4f187687c1fe26fc4	PUBLIC_TESTKIT
spider-drop	ARCHETYPE	b1.7.3:entity/052	drop-matrix	APPLICABLE	VERIFIED	OFFICIAL_SERVER	m409-spider-string-set	625db8d839633b99daf0e73b098ad644d6f23e3d9ed4dda4f187687c1fe26fc4	PUBLIC_TESTKIT
zombie-spawn	UNIVERSAL	b1.7.3:entity/054	spawn-materialization	APPLICABLE	VERIFIED	OFFICIAL_SERVER	m363-hostile-identity-set	e6df497cd2826b04e3930ffb08caa875bba470b29a8b5bad4ce5cc75d48db14d	SMOKE_ONLY
slime-spawn	UNIVERSAL	b1.7.3:entity/055	spawn-materialization	APPLICABLE	VERIFIED	OFFICIAL_SERVER	m412-slime-split-set	c35f4196ac8b8633b7ffa097ac87eca1828f89b9ab9d2be20f0802c924191929	PUBLIC_TESTKIT
slime-motion	SINGULAR	b1.7.3:entity/055	movement-policy	APPLICABLE	VERIFIED	OFFICIAL_SERVER	m504-m508-sw-entity-dynamics	adf4090e04b92ccc22a6adf5a7bd8892fe6ecdd4e6b8c4ba21e2f201962f71db	PUBLIC_TESTKIT
slime-split	SINGULAR	b1.7.3:entity/055	interaction-state	APPLICABLE	VERIFIED	OFFICIAL_SERVER	m412-slime-split-set	c35f4196ac8b8633b7ffa097ac87eca1828f89b9ab9d2be20f0802c924191929	PUBLIC_TESTKIT
slime-drop	SINGULAR	b1.7.3:entity/055	drop-matrix	APPLICABLE	VERIFIED	OFFICIAL_SERVER	m423-slimeball-set	8a525200f72521e3f129de58b27232e197c39cf2d41da689d2772e9a830ac411	PUBLIC_TESTKIT
ghast-motion	SINGULAR	b1.7.3:entity/056	movement-policy	APPLICABLE	VERIFIED	OFFICIAL_SERVER	m504-m508-sw-entity-dynamics	adf4090e04b92ccc22a6adf5a7bd8892fe6ecdd4e6b8c4ba21e2f201962f71db	PUBLIC_TESTKIT
pig-zombie-spawn	UNIVERSAL	b1.7.3:entity/057	spawn-materialization	APPLICABLE	VERIFIED	OFFICIAL_SERVER	m411-zombie-pigman-set	c448868efb22d1c2a50bab9554f6c30de3f184d9cc2eb129103068be9868ae84	PUBLIC_TESTKIT
pig-zombie-death	ARCHETYPE	b1.7.3:entity/057	damage-death	APPLICABLE	VERIFIED	OFFICIAL_SERVER	m411-zombie-pigman-set	c448868efb22d1c2a50bab9554f6c30de3f184d9cc2eb129103068be9868ae84	PUBLIC_TESTKIT
pig-zombie-drop	ARCHETYPE	b1.7.3:entity/057	drop-matrix	APPLICABLE	VERIFIED	OFFICIAL_SERVER	m411-zombie-pigman-set	c448868efb22d1c2a50bab9554f6c30de3f184d9cc2eb129103068be9868ae84	PUBLIC_TESTKIT
pig-spawn	UNIVERSAL	b1.7.3:entity/090	spawn-materialization	APPLICABLE	VERIFIED	OFFICIAL_SERVER	m141-pig-spawner-observation	a148241c4e0282a64cf461ef362991e001cc17b1c7b06bd12e3f7b5b555fd522	PUBLIC_TESTKIT
pig-motion	ARCHETYPE	b1.7.3:entity/090	movement-policy	APPLICABLE	VERIFIED	OFFICIAL_SERVER	m148-pig-ai-movement	c265a9aa7d1e6254b11458774346f05613c82569948443803f4742740e933397	PUBLIC_TESTKIT
pig-death	ARCHETYPE	b1.7.3:entity/090	damage-death	APPLICABLE	VERIFIED	OFFICIAL_SERVER	m149-pig-death	c189244beb58382402de4313f9d6be75c90f398e404a7df2ebbbdfa8b34c5048	PUBLIC_TESTKIT
pig-drop	ARCHETYPE	b1.7.3:entity/090	drop-matrix	APPLICABLE	VERIFIED	OFFICIAL_SERVER	m150-pig-pork-drop	90cf54607ffd52b403765121c14d821e80e9996702f158c29efe63aee15b0d33	PUBLIC_TESTKIT
pig-saddle	ARCHETYPE	b1.7.3:entity/090	interaction-state	APPLICABLE	VERIFIED	OFFICIAL_SERVER	m405-pig-saddle-set	a27d2ce0c705f4fe5af56c8e35b8ec7c212956eaff46a764ce610d54f40c06d9	SMOKE_ONLY
sheep-spawn	UNIVERSAL	b1.7.3:entity/091	spawn-materialization	APPLICABLE	VERIFIED	OFFICIAL_SERVER	m406-sheep-dye-set	0c2857eb2e2bf4aaa39c631eced8f47d470862396ae8e7981d41c6c0a0775cb7	PUBLIC_TESTKIT
sheep-save-reload	UNIVERSAL	b1.7.3:entity/091	save-reload	APPLICABLE	VERIFIED	OFFICIAL_SERVER	m506-sw-sheep-sheared-persistence	57aca1de84ec46a162610d18a48ba190b6128e62cc628d70e9e6ef92361790bd	PUBLIC_TESTKIT
sheep-death	ARCHETYPE	b1.7.3:entity/091	damage-death	APPLICABLE	VERIFIED	OFFICIAL_SERVER	m444-remaining-mob-drops-rest	4f0cf6fc97f045251947014072b407aae095b6419fb3c3ab94c50722f7db8f66	PUBLIC_TESTKIT
sheep-drop	ARCHETYPE	b1.7.3:entity/091	drop-matrix	APPLICABLE	VERIFIED	OFFICIAL_SERVER	m444-remaining-mob-drops-rest	4f0cf6fc97f045251947014072b407aae095b6419fb3c3ab94c50722f7db8f66	PUBLIC_TESTKIT
sheep-dye-shear	ARCHETYPE	b1.7.3:entity/091	interaction-state	APPLICABLE	VERIFIED	OFFICIAL_SERVER	m406-sheep-dye-set	0c2857eb2e2bf4aaa39c631eced8f47d470862396ae8e7981d41c6c0a0775cb7	PUBLIC_TESTKIT
chicken-spawn	UNIVERSAL	b1.7.3:entity/093	spawn-materialization	APPLICABLE	VERIFIED	OFFICIAL_SERVER	m407-chicken-egg-set	a27d5e84d4fc5e08292a9a78c2ebccf8027e9441118ed789ef3adc30d8ff97a6	PUBLIC_TESTKIT
squid-spawn	UNIVERSAL	b1.7.3:entity/094	spawn-materialization	APPLICABLE	VERIFIED	OFFICIAL_SERVER	m408-squid-ink-set	4f3c68e6439036720158970ea6fb62f2db5d9bb980f42850dbb0cfdf53ac0f41	PUBLIC_TESTKIT
squid-death	ARCHETYPE	b1.7.3:entity/094	damage-death	APPLICABLE	VERIFIED	OFFICIAL_SERVER	m408-squid-ink-set	4f3c68e6439036720158970ea6fb62f2db5d9bb980f42850dbb0cfdf53ac0f41	PUBLIC_TESTKIT
squid-drop	ARCHETYPE	b1.7.3:entity/094	drop-matrix	APPLICABLE	VERIFIED	OFFICIAL_SERVER	m408-squid-ink-set	4f3c68e6439036720158970ea6fb62f2db5d9bb980f42850dbb0cfdf53ac0f41	PUBLIC_TESTKIT
wolf-spawn	UNIVERSAL	b1.7.3:entity/095	spawn-materialization	APPLICABLE	VERIFIED	OFFICIAL_SERVER	m420-wolf-tame-set	8268a761729c8e58ce515e8c1abb5065fa4782f824f83d9f2e6072f6e46d1833	PUBLIC_TESTKIT
wolf-sit	SINGULAR	b1.7.3:entity/095	interaction-state	APPLICABLE	VERIFIED	OFFICIAL_SERVER	m583-wolf-sit-set	56eb02100c063bedf32f982e6d7e66bd756ad07848f21c62443cd90b26786659	PUBLIC_TESTKIT
